event_time,player_id,event_type,stake,payout,session_id
1788222333,s2,signin,,,s2-S1
1788222393,s2,spin,7.19,,s2-S1
1788222398,s2,lose,,,s2-S1
1788222423,s2,spin,11.18,,s2-S1
1788222428,s2,cashout,,19.48,s2-S1
1788222513,s2,spin,7.21,,s2-S1
1788222518,s2,lose,,,s2-S1
1788222547,s2,spin,3.27,,s2-S1
1788222552,s2,lose,,,s2-S1
1788222566,s2,spin,8.09,,s2-S1
1788222574,s2,almost,,,s2-S1
1788222591,s2,spin,9.83,,s2-S1
1788222594,s2,lose,,,s2-S1
1788222610,s2,spin,16.56,,s2-S1
1788222615,s2,lose,,,s2-S1
1788222636,s2,spin,25.64,,s2-S1
1788222642,s2,lose,,,s2-S1
1788222665,s2,spin,51.86,,s2-S1
1788222672,s2,lose,,,s2-S1
1788222686,s2,spin,74.72,,s2-S1
1788222694,s2,lose,,,s2-S1
1788222711,s2,spin,100.82,,s2-S1
1788222719,s2,lose,,,s2-S1
1788222733,s2,spin,80.67,,s2-S1
1788222740,s2,almost,,,s2-S1
1788222762,s2,spin,92.36,,s2-S1
1788222768,s2,lose,,,s2-S1
1788222788,s2,spin,179.82,,s2-S1
1788222793,s2,lose,,,s2-S1
1788222803,s2,spin,360.14,,s2-S1
1788222809,s2,lose,,,s2-S1
1788222830,s2,spin,260.99,,s2-S1
1788222836,s2,lose,,,s2-S1
1788222850,s2,spin,662.36,,s2-S1
1788222854,s2,lose,,,s2-S1
1788222864,s2,spin,584.75,,s2-S1
1788222870,s2,lose,,,s2-S1
1788222887,s2,spin,508.06,,s2-S1
1788222894,s2,almost,,,s2-S1
1788222906,s2,spin,684.61,,s2-S1
1788222910,s2,lose,,,s2-S1
1788222927,s2,spin,1200.97,,s2-S1
1788222934,s2,lose,,,s2-S1
1788222940,s2,spin,1959.63,,s2-S1
1788222948,s2,almost,,,s2-S1
1788222954,s2,spin,3403.24,,s2-S1
1788222961,s2,lose,,,s2-S1
1788222969,s2,spin,2289.55,,s2-S1
1788222973,s2,lose,,,s2-S1
1788222983,s2,spin,2754.32,,s2-S1
1788222991,s2,lose,,,s2-S1
1788223001,s2,spin,5919.38,,s2-S1
1788223005,s2,lose,,,s2-S1
1788223013,s2,spin,11116.65,,s2-S1
1788223019,s2,lose,,,s2-S1
1788223028,s2,spin,12671.05,,s2-S1
1788223035,s2,lose,,,s2-S1
1788223047,s2,spin,21766.6,,s2-S1
1788223052,s2,lose,,,s2-S1
1788223058,s2,spin,32162.19,,s2-S1
1788223065,s2,lose,,,s2-S1
1788223076,s2,spin,27345.44,,s2-S1
1788223083,s2,cashout,,87293.57,s2-S1
1788223106,s2,spin,7.08,,s2-S1
1788223111,s2,lose,,,s2-S1
1788223119,s2,spin,4.66,,s2-S1
1788223125,s2,cashout,,14.18,s2-S1
1788223151,s2,spin,9.53,,s2-S1
1788223155,s2,lose,,,s2-S1
1788223160,s2,spin,10.4,,s2-S1
1788223165,s2,almost,,,s2-S1
1788223173,s2,spin,5.2,,s2-S1
1788223181,s2,cashout,,17.25,s2-S1
1788223205,s2,spin,4.57,,s2-S1
1788223211,s2,almost,,,s2-S1
1788223219,s2,spin,5.51,,s2-S1
1788223226,s2,lose,,,s2-S1
1788223231,s2,spin,5.62,,s2-S1
1788223236,s2,lose,,,s2-S1
1788223239,s2,spin,19.64,,s2-S1
1788223245,s2,lose,,,s2-S1
1788223250,s2,spin,20.53,,s2-S1
1788223256,s2,almost,,,s2-S1
1788223261,s2,spin,23.21,,s2-S1
1788223265,s2,cashout,,53.7,s2-S1
1788223275,s2,spin,9.08,,s2-S1
1788223281,s2,lose,,,s2-S1
1788223286,s2,spin,11.27,,s2-S1
1788223289,s2,lose,,,s2-S1
1788223291,s2,spin,12.02,,s2-S1
1788223296,s2,lose,,,s2-S1
1788223299,s2,spin,11.54,,s2-S1
1788223304,s2,almost,,,s2-S1
1788223307,s2,spin,9.91,,s2-S1
1788223312,s2,lose,,,s2-S1
1788223316,s2,spin,28.17,,s2-S1
1788223323,s2,cashout,,69.28,s2-S1
1788223329,s2,spin,3.79,,s2-S1
1788223336,s2,lose,,,s2-S1
1788223340,s2,spin,4.47,,s2-S1
1788223348,s2,lose,,,s2-S1
1788223352,s2,spin,10.16,,s2-S1
1788223356,s2,lose,,,s2-S1
1788223358,s2,spin,14.18,,s2-S1
1788223365,s2,cashout,,58.63,s2-S1
1788223369,s2,spin,9.02,,s2-S1
1788223375,s2,lose,,,s2-S1
1788223378,s2,spin,7.58,,s2-S1
1788223382,s2,lose,,,s2-S1
1788223385,s2,spin,10.63,,s2-S1
1788223393,s2,lose,,,s2-S1
1788223396,s2,spin,19.36,,s2-S1
1788223403,s2,cashout,,75.07,s2-S1
1788223413,s2,spin,3.78,,s2-S1
1788223419,s2,lose,,,s2-S1
1788223422,s2,spin,8.77,,s2-S1
1788223426,s2,lose,,,s2-S1
1788223428,s2,spin,11.13,,s2-S1
1788223434,s2,almost,,,s2-S1
1788223454,s2,signout,,,s2-S1
1788225361,s1,signin,,,s1-S1
1788225457,s1,topup,,,s1-S1
1788225504,s1,spin,6.01,,s1-S1
1788225509,s1,lose,,,s1-S1
1788225531,s1,spin,10.16,,s1-S1
1788225538,s1,lose,,,s1-S1
1788225556,s1,spin,5.33,,s1-S1
1788225561,s1,cashout,,13.41,s1-S1
1788225589,s1,signout,,,s1-S1
1788253505,s3,signin,,,s3-S1
1788253519,s3,topup,,,s3-S1
1788253557,s3,spin,5,,s3-S1
1788253564,s3,cashout,,7.13,s3-S1
1788253621,s3,spin,9.79,,s3-S1
1788253629,s3,cashout,,39.14,s3-S1
1788253700,s3,spin,7.95,,s3-S1
1788253704,s3,lose,,,s3-S1
1788253726,s3,spin,9.99,,s3-S1
1788253733,s3,lose,,,s3-S1
1788253761,s3,spin,4.99,,s3-S1
1788253768,s3,cashout,,6.44,s3-S1
1788253833,s3,spin,6.39,,s3-S1
1788253837,s3,lose,,,s3-S1
1788253856,s3,spin,8.01,,s3-S1
1788253860,s3,lose,,,s3-S1
1788253870,s3,spin,14.08,,s3-S1
1788253876,s3,cashout,,57.23,s3-S1
1788253928,s3,spin,9.47,,s3-S1
1788253932,s3,cashout,,16.47,s3-S1
1788253985,s3,spin,5.04,,s3-S1
1788253989,s3,lose,,,s3-S1
1788254004,s3,spin,12.79,,s3-S1
1788254012,s3,lose,,,s3-S1
1788254036,s3,spin,15.62,,s3-S1
1788254040,s3,cashout,,21.73,s3-S1
1788254083,s3,spin,3.32,,s3-S1
1788254089,s3,lose,,,s3-S1
1788254097,s3,spin,10.92,,s3-S1
1788254102,s3,lose,,,s3-S1
1788254112,s3,spin,7.75,,s3-S1
1788254116,s3,lose,,,s3-S1
1788254133,s3,spin,14.98,,s3-S1
1788254138,s3,lose,,,s3-S1
1788254155,s3,spin,21.27,,s3-S1
1788254163,s3,lose,,,s3-S1
1788254173,s3,spin,31.19,,s3-S1
1788254178,s3,cashout,,38.39,s3-S1
1788254199,s3,spin,5.46,,s3-S1
1788254205,s3,cashout,,14.68,s3-S1
1788254241,s3,spin,6.39,,s3-S1
1788254246,s3,cashout,,9.96,s3-S1
1788254276,s3,spin,3.65,,s3-S1
1788254283,s3,lose,,,s3-S1
1788254294,s3,spin,12.09,,s3-S1
1788254299,s3,lose,,,s3-S1
1788254312,s3,spin,16.44,,s3-S1
1788254319,s3,lose,,,s3-S1
1788254334,s3,spin,22.07,,s3-S1
1788254339,s3,lose,,,s3-S1
1788254351,s3,spin,13.27,,s3-S1
1788254357,s3,lose,,,s3-S1
1788254366,s3,spin,18.81,,s3-S1
1788254370,s3,lose,,,s3-S1
1788254382,s3,spin,55.4,,s3-S1
1788254387,s3,cashout,,118.8,s3-S1
1788254405,s3,spin,4.09,,s3-S1
1788254412,s3,lose,,,s3-S1
1788254419,s3,spin,5.71,,s3-S1
1788254423,s3,lose,,,s3-S1
1788254430,s3,spin,11.9,,s3-S1
1788254437,s3,cashout,,45.98,s3-S1
1788254456,s3,spin,9.8,,s3-S1
1788254462,s3,lose,,,s3-S1
1788254467,s3,spin,3.35,,s3-S1
1788254473,s3,lose,,,s3-S1
1788254484,s3,spin,12.84,,s3-S1
1788254490,s3,lose,,,s3-S1
1788254496,s3,spin,19.91,,s3-S1
1788254504,s3,lose,,,s3-S1
1788254512,s3,spin,18.22,,s3-S1
1788254518,s3,lose,,,s3-S1
1788254524,s3,spin,29.19,,s3-S1
1788254531,s3,cashout,,49.25,s3-S1
1788254546,s3,spin,4.54,,s3-S1
1788254553,s3,cashout,,15.29,s3-S1
1788254589,s3,signout,,,s3-S1
1788308991,s2,signin,,,s2-S2
1788309038,s2,topup,,,s2-S2
1788309124,s2,spin,5,,s2-S2
1788309130,s2,lose,,,s2-S2
1788309152,s2,spin,13.3,,s2-S2
1788309155,s2,lose,,,s2-S2
1788309183,s2,spin,6.08,,s2-S2
1788309190,s2,lose,,,s2-S2
1788309201,s2,spin,11.03,,s2-S2
1788309208,s2,lose,,,s2-S2
1788309220,s2,spin,23.41,,s2-S2
1788309225,s2,lose,,,s2-S2
1788309243,s2,spin,38.39,,s2-S2
1788309250,s2,cashout,,115.5,s2-S2
1788309284,s2,spin,2.4,,s2-S2
1788309288,s2,lose,,,s2-S2
1788309314,s2,spin,3.16,,s2-S2
1788309321,s2,cashout,,9.38,s2-S2
1788309365,s2,spin,5.59,,s2-S2
1788309372,s2,cashout,,20.32,s2-S2
1788309403,s2,spin,5.46,,s2-S2
1788309407,s2,almost,,,s2-S2
1788309426,s2,spin,2.84,,s2-S2
1788309433,s2,lose,,,s2-S2
1788309447,s2,spin,11.8,,s2-S2
1788309454,s2,lose,,,s2-S2
1788309470,s2,spin,20.95,,s2-S2
1788309476,s2,lose,,,s2-S2
1788309488,s2,spin,8.76,,s2-S2
1788309496,s2,lose,,,s2-S2
1788309507,s2,spin,26.97,,s2-S2
1788309513,s2,lose,,,s2-S2
1788309532,s2,spin,53.14,,s2-S2
1788309539,s2,lose,,,s2-S2
1788309550,s2,spin,77.61,,s2-S2
1788309555,s2,lose,,,s2-S2
1788309564,s2,spin,22.87,,s2-S2
1788309568,s2,lose,,,s2-S2
1788309586,s2,spin,38.56,,s2-S2
1788309593,s2,lose,,,s2-S2
1788309601,s2,spin,125.34,,s2-S2
1788309605,s2,lose,,,s2-S2
1788309618,s2,spin,197.38,,s2-S2
1788309623,s2,lose,,,s2-S2
1788309633,s2,spin,177.27,,s2-S2
1788309640,s2,almost,,,s2-S2
1788309651,s2,spin,204.22,,s2-S2
1788309655,s2,lose,,,s2-S2
1788309665,s2,spin,466.91,,s2-S2
1788309670,s2,lose,,,s2-S2
1788309677,s2,spin,417.66,,s2-S2
1788309685,s2,lose,,,s2-S2
1788309700,s2,spin,578.15,,s2-S2
1788309704,s2,lose,,,s2-S2
1788309712,s2,spin,507.22,,s2-S2
1788309715,s2,cashout,,869.43,s2-S2
1788309732,s2,spin,3.77,,s2-S2
1788309739,s2,lose,,,s2-S2
1788309747,s2,spin,5.17,,s2-S2
1788309753,s2,lose,,,s2-S2
1788309761,s2,spin,14.6,,s2-S2
1788309766,s2,lose,,,s2-S2
1788309777,s2,spin,6.01,,s2-S2
1788309782,s2,almost,,,s2-S2
1788309787,s2,spin,17.37,,s2-S2
1788309793,s2,lose,,,s2-S2
1788309804,s2,spin,12.65,,s2-S2
1788309810,s2,lose,,,s2-S2
1788309816,s2,spin,59.75,,s2-S2
1788309820,s2,lose,,,s2-S2
1788309830,s2,spin,30.32,,s2-S2
1788309834,s2,lose,,,s2-S2
1788309841,s2,spin,82.04,,s2-S2
1788309849,s2,lose,,,s2-S2
1788309857,s2,spin,69.73,,s2-S2
1788309861,s2,lose,,,s2-S2
1788309864,s2,spin,172.88,,s2-S2
1788309872,s2,lose,,,s2-S2
1788309879,s2,spin,99.19,,s2-S2
1788309883,s2,lose,,,s2-S2
1788309886,s2,spin,198.83,,s2-S2
1788309893,s2,lose,,,s2-S2
1788309897,s2,spin,430.4,,s2-S2
1788309902,s2,lose,,,s2-S2
1788309906,s2,spin,482.29,,s2-S2
1788309913,s2,lose,,,s2-S2
1788309917,s2,spin,879.02,,s2-S2
1788309921,s2,lose,,,s2-S2
1788309925,s2,spin,275.31,,s2-S2
1788309931,s2,lose,,,s2-S2
1788309935,s2,spin,487.97,,s2-S2
1788309941,s2,lose,,,s2-S2
1788309943,s2,spin,1091.68,,s2-S2
1788309946,s2,lose,,,s2-S2
1788309950,s2,spin,1458.85,,s2-S2
1788309954,s2,lose,,,s2-S2
1788309955,s2,spin,3083.24,,s2-S2
1788309960,s2,lose,,,s2-S2
1788309962,s2,spin,1643.73,,s2-S2
1788309968,s2,lose,,,s2-S2
1788309969,s2,spin,1755.33,,s2-S2
1788309973,s2,lose,,,s2-S2
1788309975,s2,spin,6007.58,,s2-S2
1788309978,s2,lose,,,s2-S2
1788309981,s2,spin,13037.26,,s2-S2
1788309986,s2,cashout,,38786.05,s2-S2
1788309994,s2,spin,7.98,,s2-S2
1788310001,s2,cashout,,20.06,s2-S2
1788310008,s2,spin,6.4,,s2-S2
1788310015,s2,lose,,,s2-S2
1788310046,s2,signout,,,s2-S2
1788348095,s3,signin,,,s3-S3
1788348116,s3,topup,,,s3-S3
1788348165,s3,spin,8.71,,s3-S3
1788348171,s3,lose,,,s3-S3
1788348195,s3,spin,7.68,,s3-S3
1788348201,s3,lose,,,s3-S3
1788348225,s3,spin,15.6,,s3-S3
1788348228,s3,cashout,,25.76,s3-S3
1788348292,s3,spin,3.05,,s3-S3
1788348299,s3,lose,,,s3-S3
1788348325,s3,spin,8.94,,s3-S3
1788348332,s3,lose,,,s3-S3
1788348353,s3,spin,16.95,,s3-S3
1788348356,s3,lose,,,s3-S3
1788348377,s3,spin,13.89,,s3-S3
1788348382,s3,lose,,,s3-S3
1788348406,s3,spin,13.33,,s3-S3
1788348410,s3,lose,,,s3-S3
1788348455,s3,signout,,,s3-S3
1788362401,s2,signin,,,s2-S3
1788362483,s2,topup,,,s2-S3
1788362563,s2,spin,4.22,,s2-S3
1788362568,s2,cashout,,17.3,s2-S3
1788362654,s2,spin,9.71,,s2-S3
1788362658,s2,lose,,,s2-S3
1788362687,s2,spin,4.28,,s2-S3
1788362692,s2,almost,,,s2-S3
1788362718,s2,spin,12.18,,s2-S3
1788362724,s2,cashout,,31.9,s2-S3
1788362779,s2,spin,4.9,,s2-S3
1788362784,s2,almost,,,s2-S3
1788362807,s2,spin,5.89,,s2-S3
1788362813,s2,almost,,,s2-S3
1788362824,s2,spin,4.91,,s2-S3
1788362827,s2,lose,,,s2-S3
1788362848,s2,spin,5.58,,s2-S3
1788362851,s2,lose,,,s2-S3
1788362866,s2,spin,22.34,,s2-S3
1788362871,s2,lose,,,s2-S3
1788362885,s2,spin,36.22,,s2-S3
1788362891,s2,lose,,,s2-S3
1788362908,s2,spin,54.59,,s2-S3
1788362914,s2,lose,,,s2-S3
1788362938,s2,spin,52.64,,s2-S3
1788362942,s2,lose,,,s2-S3
1788362964,s2,spin,107.81,,s2-S3
1788362969,s2,cashout,,291.26,s2-S3
1788363010,s2,spin,3.78,,s2-S3
1788363017,s2,lose,,,s2-S3
1788363039,s2,signout,,,s2-S3
1788372841,s1,signin,,,s1-S3
1788372926,s1,topup,,,s1-S3
1788373006,s1,spin,3.12,,s1-S3
1788373009,s1,cashout,,3.92,s1-S3
1788373087,s1,spin,4.56,,s1-S3
1788373093,s1,cashout,,14.98,s1-S3
1788373178,s1,spin,3.96,,s1-S3
1788373186,s1,almost,,,s1-S3
1788373225,s1,signout,,,s1-S3
1788373724,s1,signin,,,s1-S2
1788373797,s1,topup,,,s1-S2
1788373882,s1,spin,3.57,,s1-S2
1788373886,s1,cashout,,5.26,s1-S2
1788373968,s1,spin,4.83,,s1-S2
1788373976,s1,lose,,,s1-S2
1788373988,s1,spin,11.03,,s1-S2
1788373994,s1,lose,,,s1-S2
1788374015,s1,spin,16.26,,s1-S2
1788374022,s1,cashout,,53.36,s1-S2
1788374063,s1,spin,10,,s1-S2
1788374070,s1,almost,,,s1-S2
1788374085,s1,spin,7.16,,s1-S2
1788374090,s1,lose,,,s1-S2
1788374111,s1,spin,8.21,,s1-S2
1788374118,s1,lose,,,s1-S2
1788374144,s1,spin,16.81,,s1-S2
1788374148,s1,cashout,,46.24,s1-S2
1788374200,s1,spin,3.79,,s1-S2
1788374206,s1,lose,,,s1-S2
1788374223,s1,spin,7,,s1-S2
1788374227,s1,almost,,,s1-S2
1788374248,s1,spin,17.38,,s1-S2
1788374255,s1,almost,,,s1-S2
1788374279,s1,spin,22.33,,s1-S2
1788374285,s1,lose,,,s1-S2
1788374301,s1,spin,16.27,,s1-S2
1788374309,s1,almost,,,s1-S2
1788374325,s1,spin,28.03,,s1-S2
1788374329,s1,lose,,,s1-S2
1788374347,s1,spin,29.88,,s1-S2
1788374353,s1,lose,,,s1-S2
1788374369,s1,spin,80.9,,s1-S2
1788374375,s1,cashout,,247.54,s1-S2
1788374412,s1,spin,8.33,,s1-S2
1788374415,s1,lose,,,s1-S2
1788374450,s1,signout,,,s1-S2
1788386888,s3,signin,,,s3-S2
1788386974,s3,spin,3.55,,s3-S2
1788386981,s3,lose,,,s3-S2
1788386996,s3,spin,3.9,,s3-S2
1788387001,s3,cashout,,11.41,s3-S2
1788387065,s3,spin,6.62,,s3-S2
1788387070,s3,almost,,,s3-S2
1788387080,s3,spin,10.95,,s3-S2
1788387086,s3,lose,,,s3-S2
1788387109,s3,spin,12.03,,s3-S2
1788387114,s3,cashout,,44.2,s3-S2
1788387187,s3,spin,7.82,,s3-S2
1788387195,s3,cashout,,11.46,s3-S2
1788387226,s3,spin,4.79,,s3-S2
1788387230,s3,lose,,,s3-S2
1788387251,s3,spin,7.98,,s3-S2
1788387254,s3,lose,,,s3-S2
1788387267,s3,spin,8.24,,s3-S2
1788387270,s3,lose,,,s3-S2
1788387293,s3,spin,12.86,,s3-S2
1788387297,s3,lose,,,s3-S2
1788387308,s3,spin,10.3,,s3-S2
1788387313,s3,cashout,,34.17,s3-S2
1788387339,s3,spin,2.17,,s3-S2
1788387345,s3,almost,,,s3-S2
1788387363,s3,spin,11.94,,s3-S2
1788387368,s3,lose,,,s3-S2
1788387383,s3,spin,17.48,,s3-S2
1788387390,s3,cashout,,72.8,s3-S2
1788387415,s3,spin,8.66,,s3-S2
1788387420,s3,lose,,,s3-S2
1788387440,s3,spin,10.44,,s3-S2
1788387447,s3,lose,,,s3-S2
1788387461,s3,spin,16.56,,s3-S2
1788387468,s3,lose,,,s3-S2
1788387476,s3,spin,5.66,,s3-S2
1788387483,s3,lose,,,s3-S2
1788387490,s3,spin,19.67,,s3-S2
1788387495,s3,lose,,,s3-S2
1788387503,s3,spin,16.22,,s3-S2
1788387508,s3,lose,,,s3-S2
1788387520,s3,spin,38.85,,s3-S2
1788387524,s3,lose,,,s3-S2
1788387536,s3,spin,49.86,,s3-S2
1788387541,s3,lose,,,s3-S2
1788387558,s3,spin,55.26,,s3-S2
1788387565,s3,lose,,,s3-S2
1788387573,s3,spin,40.56,,s3-S2
1788387578,s3,lose,,,s3-S2
1788387583,s3,spin,112.1,,s3-S2
1788387587,s3,cashout,,325.67,s3-S2
1788387630,s3,spin,5.85,,s3-S2
1788387634,s3,lose,,,s3-S2
1788387640,s3,spin,6.1,,s3-S2
1788387644,s3,lose,,,s3-S2
1788387649,s3,spin,14.79,,s3-S2
1788387657,s3,almost,,,s3-S2
1788387669,s3,spin,6.02,,s3-S2
1788387674,s3,lose,,,s3-S2
1788387684,s3,spin,32.52,,s3-S2
1788387691,s3,lose,,,s3-S2
1788387699,s3,spin,25.41,,s3-S2
1788387703,s3,lose,,,s3-S2
1788387710,s3,spin,23.93,,s3-S2
1788387715,s3,cashout,,43.68,s3-S2
1788387738,s3,spin,7.47,,s3-S2
1788387743,s3,lose,,,s3-S2
1788387753,s3,spin,10.94,,s3-S2
1788387758,s3,cashout,,24.43,s3-S2
1788387780,s3,spin,3.35,,s3-S2
1788387786,s3,cashout,,11.86,s3-S2
1788387802,s3,spin,3.21,,s3-S2
1788387807,s3,cashout,,12.65,s3-S2
1788387823,s3,spin,5.55,,s3-S2
1788387830,s3,cashout,,13.01,s3-S2
1788387848,s3,spin,9.1,,s3-S2
1788387853,s3,lose,,,s3-S2
1788387858,s3,spin,11.83,,s3-S2
1788387863,s3,lose,,,s3-S2
1788387867,s3,spin,6.27,,s3-S2
1788387872,s3,lose,,,s3-S2
1788387878,s3,spin,17.62,,s3-S2
1788387881,s3,cashout,,38.15,s3-S2
1788387893,s3,spin,3.63,,s3-S2
1788387900,s3,cashout,,4.58,s3-S2
1788387909,s3,spin,6.06,,s3-S2
1788387914,s3,lose,,,s3-S2
1788387916,s3,spin,7.28,,s3-S2
1788387924,s3,lose,,,s3-S2
1788387926,s3,spin,15.34,,s3-S2
1788387933,s3,lose,,,s3-S2
1788387937,s3,spin,19.7,,s3-S2
1788387943,s3,lose,,,s3-S2
1788387984,s3,signout,,,s3-S2
1788395044,s1,signin,,,s1-S4
1788395139,s1,topup,,,s1-S4
1788395214,s1,spin,7.83,,s1-S4
1788395218,s1,lose,,,s1-S4
1788395244,s1,spin,10.29,,s1-S4
1788395251,s1,cashout,,41.7,s1-S4
1788395282,s1,spin,2.87,,s1-S4
1788395288,s1,lose,,,s1-S4
1788395307,s1,spin,11.58,,s1-S4
1788395313,s1,lose,,,s1-S4
1788395352,s1,signout,,,s1-S4
1788397898,s2,signin,,,s2-S4
1788397930,s2,topup,,,s2-S4
1788397999,s2,spin,7.78,,s2-S4
1788398004,s2,lose,,,s2-S4
1788398027,s2,spin,11.85,,s2-S4
1788398031,s2,lose,,,s2-S4
1788398048,s2,signout,,,s2-S4
1788402591,s3,signin,,,s3-S4
1788402638,s3,topup,,,s3-S4
1788402693,s3,spin,2.36,,s3-S4
1788402698,s3,lose,,,s3-S4
1788402715,s3,spin,5.75,,s3-S4
1788402719,s3,lose,,,s3-S4
1788402738,s3,spin,10.83,,s3-S4
1788402745,s3,almost,,,s3-S4
1788402765,s3,spin,24.33,,s3-S4
1788402768,s3,almost,,,s3-S4
1788402794,s3,spin,30.97,,s3-S4
1788402799,s3,lose,,,s3-S4
1788402809,s3,spin,31.71,,s3-S4
1788402814,s3,lose,,,s3-S4
1788402830,s3,spin,26.81,,s3-S4
1788402835,s3,lose,,,s3-S4
1788402856,s3,spin,29.05,,s3-S4
1788402861,s3,lose,,,s3-S4
1788402887,s3,spin,88.29,,s3-S4
1788402892,s3,lose,,,s3-S4
1788402916,s3,spin,40.71,,s3-S4
1788402921,s3,lose,,,s3-S4
1788402945,s3,spin,178.84,,s3-S4
1788402949,s3,cashout,,312.85,s3-S4
1788402975,s3,spin,9.15,,s3-S4
1788402979,s3,lose,,,s3-S4
1788402993,s3,spin,8.37,,s3-S4
1788402996,s3,lose,,,s3-S4
1788403018,s3,spin,6.68,,s3-S4
1788403026,s3,lose,,,s3-S4
1788403037,s3,spin,14.66,,s3-S4
1788403044,s3,lose,,,s3-S4
1788403063,s3,spin,13.83,,s3-S4
1788403067,s3,lose,,,s3-S4
1788403080,s3,spin,37.76,,s3-S4
1788403088,s3,cashout,,157.69,s3-S4
1788403119,s3,spin,6.76,,s3-S4
1788403127,s3,cashout,,17.55,s3-S4
1788403161,s3,spin,4.94,,s3-S4
1788403164,s3,lose,,,s3-S4
1788403175,s3,spin,12.46,,s3-S4
1788403181,s3,cashout,,21.75,s3-S4
1788403230,s3,spin,2.4,,s3-S4
1788403238,s3,lose,,,s3-S4
1788403253,s3,spin,12.77,,s3-S4
1788403256,s3,lose,,,s3-S4
1788403270,s3,spin,17.19,,s3-S4
1788403277,s3,lose,,,s3-S4
1788403293,s3,spin,20.03,,s3-S4
1788403299,s3,cashout,,34.72,s3-S4
1788403323,s3,spin,2.92,,s3-S4
1788403329,s3,lose,,,s3-S4
1788403336,s3,spin,8.59,,s3-S4
1788403342,s3,lose,,,s3-S4
1788403355,s3,spin,11.56,,s3-S4
1788403359,s3,lose,,,s3-S4
1788403373,s3,spin,8.88,,s3-S4
1788403377,s3,cashout,,25.64,s3-S4
1788403412,s3,signout,,,s3-S4
1788455498,s2,signin,,,s2-S5
1788455528,s2,topup,,,s2-S5
1788455597,s2,spin,5.98,,s2-S5
1788455602,s2,lose,,,s2-S5
1788455632,s2,spin,6.5,,s2-S5
1788455638,s2,lose,,,s2-S5
1788455669,s2,signout,,,s2-S5
1788459988,s1,signin,,,s1-S5
1788460039,s1,topup,,,s1-S5
1788460125,s1,spin,2.55,,s1-S5
1788460131,s1,lose,,,s1-S5
1788460161,s1,spin,2.97,,s1-S5
1788460166,s1,almost,,,s1-S5
1788460186,s1,spin,10.04,,s1-S5
1788460191,s1,lose,,,s1-S5
1788460215,s1,spin,9.06,,s1-S5
1788460218,s1,lose,,,s1-S5
1788460241,s1,spin,6.89,,s1-S5
1788460245,s1,lose,,,s1-S5
1788460269,s1,spin,17.77,,s1-S5
1788460275,s1,lose,,,s1-S5
1788460293,s1,spin,46.6,,s1-S5
1788460300,s1,lose,,,s1-S5
1788460316,s1,spin,18.61,,s1-S5
1788460323,s1,lose,,,s1-S5
1788460337,s1,spin,75.96,,s1-S5
1788460342,s1,almost,,,s1-S5
1788460360,s1,spin,35.14,,s1-S5
1788460368,s1,lose,,,s1-S5
1788460386,s1,spin,200.47,,s1-S5
1788460394,s1,cashout,,682.82,s1-S5
1788460435,s1,spin,4.24,,s1-S5
1788460440,s1,lose,,,s1-S5
1788460463,s1,spin,11.9,,s1-S5
1788460467,s1,lose,,,s1-S5
1788460490,s1,spin,4.38,,s1-S5
1788460493,s1,lose,,,s1-S5
1788460501,s1,spin,10.54,,s1-S5
1788460506,s1,lose,,,s1-S5
1788460520,s1,spin,14.75,,s1-S5
1788460526,s1,lose,,,s1-S5
1788460544,s1,spin,19.65,,s1-S5
1788460549,s1,lose,,,s1-S5
1788460556,s1,spin,47.66,,s1-S5
1788460560,s1,lose,,,s1-S5
1788460577,s1,spin,19.55,,s1-S5
1788460581,s1,cashout,,23.84,s1-S5
1788460600,s1,spin,6.39,,s1-S5
1788460606,s1,cashout,,15.44,s1-S5
1788460630,s1,spin,5.21,,s1-S5
1788460636,s1,almost,,,s1-S5
1788460651,s1,spin,13.48,,s1-S5
1788460656,s1,almost,,,s1-S5
1788460665,s1,spin,9.55,,s1-S5
1788460670,s1,almost,,,s1-S5
1788460687,s1,spin,8.92,,s1-S5
1788460695,s1,lose,,,s1-S5
1788460702,s1,spin,24.41,,s1-S5
1788460705,s1,lose,,,s1-S5
1788460716,s1,spin,20.4,,s1-S5
1788460724,s1,lose,,,s1-S5
1788460731,s1,spin,26.78,,s1-S5
1788460737,s1,lose,,,s1-S5
1788460746,s1,spin,70.05,,s1-S5
1788460752,s1,lose,,,s1-S5
1788460766,s1,spin,59.09,,s1-S5
1788460772,s1,lose,,,s1-S5
1788460781,s1,spin,55.43,,s1-S5
1788460786,s1,lose,,,s1-S5
1788460797,s1,spin,150.86,,s1-S5
1788460803,s1,lose,,,s1-S5
1788460812,s1,spin,180.63,,s1-S5
1788460816,s1,lose,,,s1-S5
1788460822,s1,spin,303.83,,s1-S5
1788460829,s1,lose,,,s1-S5
1788460839,s1,spin,226.12,,s1-S5
1788460845,s1,lose,,,s1-S5
1788460855,s1,spin,508.14,,s1-S5
1788460861,s1,cashout,,829.53,s1-S5
1788460880,s1,spin,7.58,,s1-S5
1788460887,s1,cashout,,30.2,s1-S5
1788460910,s1,spin,9.01,,s1-S5
1788460914,s1,lose,,,s1-S5
1788460920,s1,spin,10.41,,s1-S5
1788460925,s1,cashout,,22.41,s1-S5
1788460945,s1,spin,3.29,,s1-S5
1788460950,s1,lose,,,s1-S5
1788460953,s1,spin,7.61,,s1-S5
1788460961,s1,lose,,,s1-S5
1788460966,s1,spin,13.65,,s1-S5
1788460970,s1,lose,,,s1-S5
1788460973,s1,spin,15.56,,s1-S5
1788460978,s1,lose,,,s1-S5
1788460982,s1,spin,10.45,,s1-S5
1788460990,s1,lose,,,s1-S5
1788460993,s1,spin,28.88,,s1-S5
1788460998,s1,lose,,,s1-S5
1788461001,s1,spin,43.36,,s1-S5
1788461007,s1,almost,,,s1-S5
1788461010,s1,spin,80.94,,s1-S5
1788461015,s1,lose,,,s1-S5
1788461019,s1,spin,39.74,,s1-S5
1788461024,s1,lose,,,s1-S5
1788461027,s1,spin,54.62,,s1-S5
1788461030,s1,almost,,,s1-S5
1788461033,s1,spin,166.3,,s1-S5
1788461038,s1,lose,,,s1-S5
1788461041,s1,spin,115.02,,s1-S5
1788461047,s1,almost,,,s1-S5
1788461049,s1,spin,254.89,,s1-S5
1788461055,s1,lose,,,s1-S5
1788461059,s1,spin,256.67,,s1-S5
1788461065,s1,lose,,,s1-S5
1788461068,s1,spin,560.35,,s1-S5
1788461073,s1,lose,,,s1-S5
1788461075,s1,spin,425.86,,s1-S5
1788461080,s1,lose,,,s1-S5
1788461083,s1,spin,611.23,,s1-S5
1788461088,s1,lose,,,s1-S5
1788461090,s1,spin,1317.42,,s1-S5
1788461094,s1,lose,,,s1-S5
1788461096,s1,spin,1000.61,,s1-S5
1788461103,s1,lose,,,s1-S5
1788461105,s1,spin,2173.35,,s1-S5
1788461111,s1,lose,,,s1-S5
1788461115,s1,spin,2048.84,,s1-S5
1788461120,s1,lose,,,s1-S5
1788461142,s1,signout,,,s1-S5
1788516283,s1,signin,,,s1-S6
1788516393,s1,topup,,,s1-S6
1788516467,s1,spin,2.89,,s1-S6
1788516470,s1,lose,,,s1-S6
1788516494,s1,spin,6.29,,s1-S6
1788516500,s1,lose,,,s1-S6
1788516526,s1,spin,15.78,,s1-S6
1788516534,s1,lose,,,s1-S6
1788516556,s1,spin,5.8,,s1-S6
1788516561,s1,cashout,,20.99,s1-S6
1788516623,s1,spin,6.04,,s1-S6
1788516627,s1,almost,,,s1-S6
1788516642,s1,spin,6.78,,s1-S6
1788516647,s1,lose,,,s1-S6
1788516666,s1,spin,10.76,,s1-S6
1788516671,s1,lose,,,s1-S6
1788516697,s1,spin,22.26,,s1-S6
1788516702,s1,lose,,,s1-S6
1788516728,s1,spin,25.02,,s1-S6
1788516732,s1,lose,,,s1-S6
1788516745,s1,spin,38.49,,s1-S6
1788516752,s1,almost,,,s1-S6
1788516764,s1,spin,22.58,,s1-S6
1788516769,s1,cashout,,53.22,s1-S6
1788516807,s1,spin,5.41,,s1-S6
1788516811,s1,lose,,,s1-S6
1788516833,s1,spin,7.4,,s1-S6
1788516839,s1,cashout,,13.09,s1-S6
1788516880,s1,spin,2.89,,s1-S6
1788516888,s1,lose,,,s1-S6
1788516921,s1,signout,,,s1-S6
1788571019,s2,signin,,,s2-S6
1788571114,s2,topup,,,s2-S6
1788571185,s2,spin,6.87,,s2-S6
1788571192,s2,almost,,,s2-S6
1788571214,s2,spin,5,,s2-S6
1788571218,s2,almost,,,s2-S6
1788571237,s2,spin,15.53,,s2-S6
1788571241,s2,lose,,,s2-S6
1788571254,s2,spin,13.6,,s2-S6
1788571260,s2,cashout,,48.76,s2-S6
1788571340,s2,spin,9.75,,s2-S6
1788571348,s2,lose,,,s2-S6
1788571361,s2,spin,3.81,,s2-S6
1788571367,s2,lose,,,s2-S6
1788571400,s2,signout,,,s2-S6
1788700865,s1,signin,,,s1-S7
1788700980,s1,topup,,,s1-S7
1788701038,s1,spin,3.78,,s1-S7
1788701043,s1,lose,,,s1-S7
1788701069,s1,spin,4.52,,s1-S7
1788701077,s1,lose,,,s1-S7
1788701089,s1,spin,13.28,,s1-S7
1788701093,s1,lose,,,s1-S7
1788701118,s1,spin,18.62,,s1-S7
1788701121,s1,lose,,,s1-S7
1788701143,s1,spin,30.16,,s1-S7
1788701150,s1,lose,,,s1-S7
1788701174,s1,spin,25.73,,s1-S7
1788701180,s1,lose,,,s1-S7
1788701197,s1,spin,16.28,,s1-S7
1788701202,s1,lose,,,s1-S7
1788701220,s1,spin,42.76,,s1-S7
1788701224,s1,lose,,,s1-S7
1788701234,s1,spin,68.13,,s1-S7
1788701238,s1,cashout,,129.22,s1-S7
1788701294,s1,spin,7.55,,s1-S7
1788701301,s1,almost,,,s1-S7
1788701312,s1,spin,8.98,,s1-S7
1788701316,s1,cashout,,21.72,s1-S7
1788701363,s1,spin,4.54,,s1-S7
1788701370,s1,lose,,,s1-S7
1788701379,s1,spin,4.34,,s1-S7
1788701383,s1,lose,,,s1-S7
1788701396,s1,spin,12.06,,s1-S7
1788701403,s1,cashout,,50.19,s1-S7
1788701456,s1,spin,5.52,,s1-S7
1788701461,s1,lose,,,s1-S7
1788701472,s1,spin,7.25,,s1-S7
1788701479,s1,lose,,,s1-S7
1788701498,s1,spin,12.41,,s1-S7
1788701501,s1,lose,,,s1-S7
1788701514,s1,spin,23.16,,s1-S7
1788701521,s1,lose,,,s1-S7
1788701538,s1,spin,29.35,,s1-S7
1788701545,s1,cashout,,84.7,s1-S7
1788701581,s1,spin,7.69,,s1-S7
1788701587,s1,lose,,,s1-S7
1788701596,s1,spin,7.49,,s1-S7
1788701603,s1,lose,,,s1-S7
1788701620,s1,signout,,,s1-S7
1788732981,s3,signin,,,s3-S5
1788733066,s3,topup,,,s3-S5
1788733146,s3,spin,3.36,,s3-S5
1788733152,s3,lose,,,s3-S5
1788733182,s3,spin,4.1,,s3-S5
1788733189,s3,cashout,,14.21,s3-S5
1788733266,s3,spin,8.87,,s3-S5
1788733269,s3,cashout,,28.93,s3-S5
1788733309,s3,spin,6.74,,s3-S5
1788733317,s3,almost,,,s3-S5
1788733345,s3,spin,7.09,,s3-S5
1788733351,s3,lose,,,s3-S5
1788733375,s3,spin,17.89,,s3-S5
1788733378,s3,lose,,,s3-S5
1788733396,s3,spin,20.99,,s3-S5
1788733399,s3,lose,,,s3-S5
1788733409,s3,spin,13.3,,s3-S5
1788733416,s3,almost,,,s3-S5
1788733442,s3,spin,33.71,,s3-S5
1788733448,s3,lose,,,s3-S5
1788733463,s3,spin,14.86,,s3-S5
1788733467,s3,lose,,,s3-S5
1788733487,s3,spin,38.14,,s3-S5
1788733493,s3,lose,,,s3-S5
1788733515,s3,spin,91.43,,s3-S5
1788733518,s3,lose,,,s3-S5
1788733527,s3,spin,54.99,,s3-S5
1788733531,s3,lose,,,s3-S5
1788733551,s3,spin,68.5,,s3-S5
1788733557,s3,lose,,,s3-S5
1788733571,s3,spin,132.88,,s3-S5
1788733579,s3,lose,,,s3-S5
1788733589,s3,spin,99.98,,s3-S5
1788733596,s3,lose,,,s3-S5
1788733610,s3,spin,240.97,,s3-S5
1788733615,s3,almost,,,s3-S5
1788733633,s3,spin,267.02,,s3-S5
1788733638,s3,lose,,,s3-S5
1788733651,s3,spin,680.35,,s3-S5
1788733655,s3,lose,,,s3-S5
1788733671,s3,spin,589.71,,s3-S5
1788733677,s3,lose,,,s3-S5
1788733692,s3,spin,472.45,,s3-S5
1788733695,s3,cashout,,1087.8,s3-S5
1788733745,s3,spin,5.18,,s3-S5
1788733752,s3,lose,,,s3-S5
1788733762,s3,spin,5.38,,s3-S5
1788733766,s3,lose,,,s3-S5
1788733771,s3,spin,14.99,,s3-S5
1788733777,s3,lose,,,s3-S5
1788733788,s3,spin,12.94,,s3-S5
1788733793,s3,lose,,,s3-S5
1788733808,s3,spin,32.65,,s3-S5
1788733815,s3,lose,,,s3-S5
1788733821,s3,spin,36.3,,s3-S5
1788733825,s3,lose,,,s3-S5
1788733833,s3,spin,43.2,,s3-S5
1788733837,s3,lose,,,s3-S5
1788733847,s3,spin,49.15,,s3-S5
1788733853,s3,cashout,,110.44,s3-S5
1788733887,s3,spin,8.39,,s3-S5
1788733891,s3,lose,,,s3-S5
1788733900,s3,spin,3.96,,s3-S5
1788733903,s3,lose,,,s3-S5
1788733937,s3,signout,,,s3-S5
1788780366,s2,signin,,,s2-S7
1788780424,s2,topup,,,s2-S7
1788780509,s2,spin,4.12,,s2-S7
1788780516,s2,lose,,,s2-S7
1788780533,s2,spin,10.22,,s2-S7
1788780538,s2,lose,,,s2-S7
1788780555,s2,spin,12.97,,s2-S7
1788780560,s2,almost,,,s2-S7
1788780574,s2,spin,15.62,,s2-S7
1788780578,s2,lose,,,s2-S7
1788780597,s2,spin,28.46,,s2-S7
1788780604,s2,cashout,,56.83,s2-S7
1788780651,s2,spin,6.82,,s2-S7
1788780654,s2,almost,,,s2-S7
1788780675,s2,spin,3.24,,s2-S7
1788780682,s2,lose,,,s2-S7
1788780700,s2,spin,4.03,,s2-S7
1788780705,s2,lose,,,s2-S7
1788780723,s2,spin,11.24,,s2-S7
1788780728,s2,cashout,,38.84,s2-S7
1788780789,s2,spin,5.67,,s2-S7
1788780793,s2,lose,,,s2-S7
1788780813,s2,spin,11,,s2-S7
1788780817,s2,lose,,,s2-S7
1788780841,s2,spin,13.01,,s2-S7
1788780847,s2,lose,,,s2-S7
1788780870,s2,spin,13.37,,s2-S7
1788780877,s2,lose,,,s2-S7
1788780887,s2,spin,8.84,,s2-S7
1788780892,s2,lose,,,s2-S7
1788780919,s2,signout,,,s2-S7
1788880648,s1,signin,,,s1-S8
1788880717,s1,spin,7.44,,s1-S8
1788880723,s1,lose,,,s1-S8
1788880751,s1,spin,6.12,,s1-S8
1788880757,s1,lose,,,s1-S8
1788880772,s1,spin,4.45,,s1-S8
1788880778,s1,lose,,,s1-S8
1788880788,s1,spin,9.64,,s1-S8
1788880791,s1,cashout,,25.87,s1-S8
1788880844,s1,spin,3.83,,s1-S8
1788880848,s1,lose,,,s1-S8
1788880862,s1,spin,11.1,,s1-S8
1788880869,s1,lose,,,s1-S8
1788880881,s1,spin,7.61,,s1-S8
1788880887,s1,almost,,,s1-S8
1788880919,s1,signout,,,s1-S8
1788963898,s1,signin,,,s1-S9
1788963971,s1,topup,,,s1-S9
1788964037,s1,spin,6.81,,s1-S9
1788964042,s1,almost,,,s1-S9
1788964055,s1,spin,11.22,,s1-S9
1788964060,s1,almost,,,s1-S9
1788964082,s1,spin,13.84,,s1-S9
1788964088,s1,almost,,,s1-S9
1788964112,s1,spin,21.67,,s1-S9
1788964117,s1,lose,,,s1-S9
1788964144,s1,spin,10.04,,s1-S9
1788964150,s1,cashout,,16.34,s1-S9
1788964202,s1,spin,5.86,,s1-S9
1788964207,s1,lose,,,s1-S9
1788964231,s1,spin,3.59,,s1-S9
1788964236,s1,almost,,,s1-S9
1788964254,s1,spin,11.39,,s1-S9
1788964259,s1,lose,,,s1-S9
1788964276,s1,spin,14.3,,s1-S9
1788964282,s1,lose,,,s1-S9
1788964302,s1,spin,20.04,,s1-S9
1788964306,s1,lose,,,s1-S9
1788964319,s1,spin,42.78,,s1-S9
1788964327,s1,lose,,,s1-S9
1788964341,s1,spin,24.62,,s1-S9
1788964348,s1,lose,,,s1-S9
1788964360,s1,spin,24.94,,s1-S9
1788964365,s1,lose,,,s1-S9
1788964385,s1,spin,26.47,,s1-S9
1788964389,s1,lose,,,s1-S9
1788964408,s1,spin,128.72,,s1-S9
1788964413,s1,lose,,,s1-S9
1788964426,s1,spin,49.75,,s1-S9
1788964431,s1,lose,,,s1-S9
1788964441,s1,spin,172.31,,s1-S9
1788964448,s1,cashout,,316.79,s1-S9
1788964474,s1,spin,5.26,,s1-S9
1788964481,s1,lose,,,s1-S9
1788964492,s1,spin,10.77,,s1-S9
1788964499,s1,cashout,,14.14,s1-S9
1788964524,s1,spin,5.48,,s1-S9
1788964532,s1,lose,,,s1-S9
1788964545,s1,spin,12.81,,s1-S9
1788964549,s1,almost,,,s1-S9
1788964556,s1,spin,9.53,,s1-S9
1788964562,s1,almost,,,s1-S9
1788964573,s1,spin,7.65,,s1-S9
1788964577,s1,lose,,,s1-S9
1788964596,s1,signout,,,s1-S9
1789002445,s1,signin,,,s1-S10
1789002524,s1,topup,,,s1-S10
1789002611,s1,spin,5.95,,s1-S10
1789002618,s1,lose,,,s1-S10
1789002632,s1,spin,9.93,,s1-S10
1789002637,s1,lose,,,s1-S10
1789002666,s1,spin,11.77,,s1-S10
1789002672,s1,cashout,,48.98,s1-S10
1789002727,s1,spin,2.42,,s1-S10
1789002731,s1,cashout,,7.62,s1-S10
1789002763,s1,signout,,,s1-S10
1789131681,s2,signin,,,s2-S8
1789131713,s2,topup,,,s2-S8
1789131774,s2,spin,3.64,,s2-S8
1789131781,s2,lose,,,s2-S8
1789131806,s2,spin,10.17,,s2-S8
1789131810,s2,lose,,,s2-S8
1789131838,s2,spin,10.9,,s2-S8
1789131845,s2,cashout,,39.22,s2-S8
1789131929,s2,spin,4.89,,s2-S8
1789131937,s2,cashout,,16.92,s2-S8
1789132010,s2,spin,4.5,,s2-S8
1789132018,s2,cashout,,17.91,s2-S8
1789132070,s2,spin,8.59,,s2-S8
1789132077,s2,lose,,,s2-S8
1789132088,s2,spin,12.55,,s2-S8
1789132096,s2,lose,,,s2-S8
1789132119,s2,spin,16.49,,s2-S8
1789132124,s2,lose,,,s2-S8
1789132144,s2,spin,5.44,,s2-S8
1789132150,s2,lose,,,s2-S8
1789132180,s2,signout,,,s2-S8
1789154374,s3,signin,,,s3-S6
1789154481,s3,topup,,,s3-S6
1789154541,s3,spin,8.25,,s3-S6
1789154548,s3,cashout,,18.41,s3-S6
1789154578,s3,spin,2.96,,s3-S6
1789154584,s3,lose,,,s3-S6
1789154599,s3,spin,8.47,,s3-S6
1789154605,s3,lose,,,s3-S6
1789154631,s3,spin,4.6,,s3-S6
1789154638,s3,lose,,,s3-S6
1789154662,s3,spin,7.94,,s3-S6
1789154669,s3,lose,,,s3-S6
1789154692,s3,spin,10.51,,s3-S6
1789154697,s3,lose,,,s3-S6
1789154709,s3,spin,15.52,,s3-S6
1789154716,s3,lose,,,s3-S6
1789154728,s3,spin,32.08,,s3-S6
1789154735,s3,lose,,,s3-S6
1789154748,s3,spin,81.17,,s3-S6
1789154753,s3,lose,,,s3-S6
1789154793,s3,signout,,,s3-S6
1789254223,s1,signin,,,s1-S11
1789254302,s1,topup,,,s1-S11
1789254378,s1,spin,2.87,,s1-S11
1789254384,s1,lose,,,s1-S11
1789254409,s1,spin,9.97,,s1-S11
1789254415,s1,almost,,,s1-S11
1789254429,s1,spin,4.85,,s1-S11
1789254434,s1,lose,,,s1-S11
1789254451,s1,spin,12.22,,s1-S11
1789254456,s1,cashout,,22.33,s1-S11
1789254502,s1,spin,5.18,,s1-S11
1789254509,s1,cashout,,11.64,s1-S11
1789254587,s1,spin,7.58,,s1-S11
1789254594,s1,lose,,,s1-S11
1789254622,s1,spin,11.08,,s1-S11
1789254625,s1,lose,,,s1-S11
1789254647,s1,spin,13.89,,s1-S11
1789254650,s1,lose,,,s1-S11
1789254672,s1,spin,20.69,,s1-S11
1789254678,s1,lose,,,s1-S11
1789254695,s1,spin,18.95,,s1-S11
1789254703,s1,lose,,,s1-S11
1789254713,s1,spin,26.25,,s1-S11
1789254716,s1,lose,,,s1-S11
1789254734,s1,spin,16.5,,s1-S11
1789254738,s1,lose,,,s1-S11
1789254757,s1,spin,65.79,,s1-S11
1789254764,s1,lose,,,s1-S11
1789254772,s1,spin,60.33,,s1-S11
1789254780,s1,lose,,,s1-S11
1789254800,s1,spin,127.09,,s1-S11
1789254805,s1,lose,,,s1-S11
1789254818,s1,spin,88.2,,s1-S11
1789254826,s1,almost,,,s1-S11
1789254839,s1,spin,209.14,,s1-S11
1789254846,s1,lose,,,s1-S11
1789254863,s1,spin,305.56,,s1-S11
1789254866,s1,almost,,,s1-S11
1789254885,s1,spin,431.93,,s1-S11
1789254891,s1,lose,,,s1-S11
1789254900,s1,spin,403.44,,s1-S11
1789254907,s1,lose,,,s1-S11
1789254918,s1,spin,445.81,,s1-S11
1789254923,s1,cashout,,661.39,s1-S11
1789254952,s1,spin,9.81,,s1-S11
1789254955,s1,almost,,,s1-S11
1789254966,s1,spin,7.43,,s1-S11
1789254970,s1,cashout,,28.04,s1-S11
1789254989,s1,spin,6.25,,s1-S11
1789254993,s1,cashout,,15.36,s1-S11
1789255018,s1,spin,3.86,,s1-S11
1789255025,s1,lose,,,s1-S11
1789255040,s1,spin,4.68,,s1-S11
1789255044,s1,lose,,,s1-S11
1789255053,s1,spin,10.97,,s1-S11
1789255059,s1,cashout,,14.12,s1-S11
1789255087,s1,spin,5.83,,s1-S11
1789255091,s1,lose,,,s1-S11
1789255102,s1,spin,8.07,,s1-S11
1789255110,s1,lose,,,s1-S11
1789255118,s1,spin,3.99,,s1-S11
1789255124,s1,lose,,,s1-S11
1789255134,s1,spin,12.74,,s1-S11
1789255138,s1,lose,,,s1-S11
1789255147,s1,spin,20.64,,s1-S11
1789255154,s1,lose,,,s1-S11
1789255161,s1,spin,35.29,,s1-S11
1789255168,s1,almost,,,s1-S11
1789255176,s1,spin,14.76,,s1-S11
1789255180,s1,cashout,,30.61,s1-S11
1789255206,s1,spin,3.53,,s1-S11
1789255210,s1,lose,,,s1-S11
1789255215,s1,spin,8.58,,s1-S11
1789255220,s1,lose,,,s1-S11
1789255223,s1,spin,11.02,,s1-S11
1789255228,s1,almost,,,s1-S11
1789255232,s1,spin,23.22,,s1-S11
1789255238,s1,lose,,,s1-S11
1789255242,s1,spin,12.27,,s1-S11
1789255246,s1,lose,,,s1-S11
1789255251,s1,spin,21.68,,s1-S11
1789255257,s1,cashout,,57.36,s1-S11
1789255263,s1,spin,4.53,,s1-S11
1789255269,s1,cashout,,7.52,s1-S11
1789255280,s1,spin,6.06,,s1-S11
1789255285,s1,lose,,,s1-S11
1789255290,s1,spin,3.59,,s1-S11
1789255296,s1,cashout,,8.03,s1-S11
1789255301,s1,spin,8.66,,s1-S11
1789255305,s1,lose,,,s1-S11
1789255306,s1,spin,8.2,,s1-S11
1789255310,s1,lose,,,s1-S11
1789255337,s1,signout,,,s1-S11
1789349392,s1,signin,,,s1-S12
1789349474,s1,topup,,,s1-S12
1789349558,s1,spin,8.88,,s1-S12
1789349562,s1,lose,,,s1-S12
1789349582,s1,spin,4.77,,s1-S12
1789349589,s1,lose,,,s1-S12
1789349605,s1,spin,10.81,,s1-S12
1789349611,s1,almost,,,s1-S12
1789349632,s1,spin,23.61,,s1-S12
1789349636,s1,lose,,,s1-S12
1789349653,s1,spin,30.71,,s1-S12
1789349656,s1,cashout,,92.29,s1-S12
1789349719,s1,spin,8.57,,s1-S12
1789349725,s1,cashout,,16.01,s1-S12
1789349797,s1,spin,6.1,,s1-S12
1789349801,s1,lose,,,s1-S12
1789349825,s1,spin,11.67,,s1-S12
1789349830,s1,lose,,,s1-S12
1789349840,s1,spin,4.73,,s1-S12
1789349846,s1,lose,,,s1-S12
1789349869,s1,spin,22.43,,s1-S12
1789349875,s1,lose,,,s1-S12
1789349893,s1,spin,19.73,,s1-S12
1789349899,s1,lose,,,s1-S12
1789349915,s1,spin,23.33,,s1-S12
1789349922,s1,almost,,,s1-S12
1789349941,s1,spin,40.34,,s1-S12
1789349948,s1,lose,,,s1-S12
1789349980,s1,signout,,,s1-S12
1789467974,s3,signin,,,s3-S7
1789468018,s3,topup,,,s3-S7
1789468080,s3,spin,7.16,,s3-S7
1789468083,s3,cashout,,21.96,s3-S7
1789468130,s3,spin,7.8,,s3-S7
1789468137,s3,lose,,,s3-S7
1789468166,s3,spin,4.25,,s3-S7
1789468171,s3,lose,,,s3-S7
1789468183,s3,spin,10.17,,s3-S7
1789468189,s3,almost,,,s3-S7
1789468212,s3,spin,16.72,,s3-S7
1789468219,s3,lose,,,s3-S7
1789468238,s3,spin,12.97,,s3-S7
1789468242,s3,lose,,,s3-S7
1789468263,s3,spin,20.37,,s3-S7
1789468271,s3,cashout,,80.4,s3-S7
1789468309,s3,spin,9.14,,s3-S7
1789468317,s3,lose,,,s3-S7
1789468356,s3,signout,,,s3-S7
1789478851,s1,signin,,,s1-S13
1789478942,s1,topup,,,s1-S13
1789479031,s1,spin,7.97,,s1-S13
1789479034,s1,lose,,,s1-S13
1789479053,s1,spin,9.5,,s1-S13
1789479059,s1,almost,,,s1-S13
1789479071,s1,spin,12.89,,s1-S13
1789479078,s1,lose,,,s1-S13
1789479093,s1,spin,14.88,,s1-S13
1789479097,s1,lose,,,s1-S13
1789479112,s1,spin,15.12,,s1-S13
1789479116,s1,cashout,,45.84,s1-S13
1789479160,s1,spin,2.79,,s1-S13
1789479166,s1,lose,,,s1-S13
1789479178,s1,spin,5.78,,s1-S13
1789479186,s1,lose,,,s1-S13
1789479206,s1,spin,6.56,,s1-S13
1789479210,s1,lose,,,s1-S13
1789479234,s1,spin,14.96,,s1-S13
1789479237,s1,lose,,,s1-S13
1789479260,s1,spin,13.72,,s1-S13
1789479268,s1,lose,,,s1-S13
1789479292,s1,spin,11.34,,s1-S13
1789479298,s1,almost,,,s1-S13
1789479308,s1,spin,26.54,,s1-S13
1789479312,s1,lose,,,s1-S13
1789479323,s1,spin,27.62,,s1-S13
1789479326,s1,cashout,,38.61,s1-S13
1789479358,s1,spin,3.71,,s1-S13
1789479366,s1,lose,,,s1-S13
1789479380,s1,spin,4.42,,s1-S13
1789479385,s1,almost,,,s1-S13
1789479399,s1,spin,14.66,,s1-S13
1789479407,s1,lose,,,s1-S13
1789479424,s1,spin,9.07,,s1-S13
1789479427,s1,lose,,,s1-S13
1789479440,s1,spin,13.19,,s1-S13
1789479444,s1,lose,,,s1-S13
1789479451,s1,spin,8.99,,s1-S13
1789479455,s1,lose,,,s1-S13
1789479473,s1,spin,52.95,,s1-S13
1789479478,s1,lose,,,s1-S13
1789479491,s1,spin,51.17,,s1-S13
1789479498,s1,lose,,,s1-S13
1789479514,s1,spin,83.7,,s1-S13
1789479522,s1,lose,,,s1-S13
1789479536,s1,spin,41.96,,s1-S13
1789479544,s1,lose,,,s1-S13
1789479555,s1,spin,129.82,,s1-S13
1789479561,s1,cashout,,539.8,s1-S13
1789479578,s1,spin,8.58,,s1-S13
1789479586,s1,lose,,,s1-S13
1789479599,s1,spin,3.96,,s1-S13
1789479606,s1,cashout,,13.85,s1-S13
1789479623,s1,spin,4.54,,s1-S13
1789479627,s1,lose,,,s1-S13
1789479650,s1,signout,,,s1-S13
1789599753,s2,signin,,,s2-S9
1789599871,s2,topup,,,s2-S9
1789599918,s2,spin,6.81,,s2-S9
1789599921,s2,lose,,,s2-S9
1789599946,s2,spin,4.75,,s2-S9
1789599953,s2,almost,,,s2-S9
1789599971,s2,spin,7.88,,s2-S9
1789599976,s2,lose,,,s2-S9
1789599991,s2,spin,7.8,,s2-S9
1789599995,s2,cashout,,22.53,s2-S9
1789600072,s2,spin,8.19,,s2-S9
1789600077,s2,lose,,,s2-S9
1789600096,s2,spin,12.15,,s2-S9
1789600101,s2,lose,,,s2-S9
1789600145,s2,signout,,,s2-S9
1789646629,s3,signin,,,s3-S8
1789646661,s3,topup,,,s3-S8
1789646698,s3,spin,6.56,,s3-S8
1789646702,s3,cashout,,11.75,s3-S8
1789646780,s3,spin,6.63,,s3-S8
1789646785,s3,lose,,,s3-S8
1789646812,s3,spin,3.13,,s3-S8
1789646818,s3,cashout,,9.11,s3-S8
1789646871,s3,spin,7.31,,s3-S8
1789646876,s3,lose,,,s3-S8
1789646888,s3,spin,4.79,,s3-S8
1789646895,s3,lose,,,s3-S8
1789646921,s3,spin,6.62,,s3-S8
1789646927,s3,lose,,,s3-S8
1789646952,s3,spin,6.54,,s3-S8
1789646955,s3,lose,,,s3-S8
1789646981,s3,spin,16.75,,s3-S8
1789646986,s3,lose,,,s3-S8
1789647000,s3,spin,14.45,,s3-S8
1789647007,s3,lose,,,s3-S8
1789647017,s3,spin,15.76,,s3-S8
1789647024,s3,lose,,,s3-S8
1789647041,s3,spin,74.75,,s3-S8
1789647047,s3,lose,,,s3-S8
1789647059,s3,spin,70.42,,s3-S8
1789647062,s3,lose,,,s3-S8
1789647073,s3,spin,103.54,,s3-S8
1789647077,s3,almost,,,s3-S8
1789647089,s3,spin,140.51,,s3-S8
1789647093,s3,cashout,,178.65,s3-S8
1789647122,s3,spin,4.65,,s3-S8
1789647127,s3,lose,,,s3-S8
1789647148,s3,spin,10.48,,s3-S8
1789647152,s3,cashout,,20.31,s3-S8
1789647209,s3,spin,7.47,,s3-S8
1789647217,s3,lose,,,s3-S8
1789647225,s3,spin,3.37,,s3-S8
1789647233,s3,almost,,,s3-S8
1789647252,s3,spin,14.65,,s3-S8
1789647257,s3,lose,,,s3-S8
1789647272,s3,spin,18.42,,s3-S8
1789647279,s3,lose,,,s3-S8
1789647295,s3,spin,6.88,,s3-S8
1789647299,s3,lose,,,s3-S8
1789647314,s3,spin,11.65,,s3-S8
1789647321,s3,cashout,,38.97,s3-S8
1789647346,s3,spin,2.25,,s3-S8
1789647353,s3,lose,,,s3-S8
1789647370,s3,spin,10.23,,s3-S8
1789647375,s3,lose,,,s3-S8
1789647383,s3,spin,12.72,,s3-S8
1789647388,s3,lose,,,s3-S8
1789647397,s3,spin,23.03,,s3-S8
1789647403,s3,lose,,,s3-S8
1789647413,s3,spin,15.28,,s3-S8
1789647420,s3,lose,,,s3-S8
1789647456,s3,signout,,,s3-S8
1789647515,s1,signin,,,s1-S14
1789647565,s1,topup,,,s1-S14
1789647654,s1,spin,9.56,,s1-S14
1789647662,s1,lose,,,s1-S14
1789647691,s1,spin,9,,s1-S14
1789647695,s1,lose,,,s1-S14
1789647716,s1,signout,,,s1-S14
